<?xml version="1.0" encoding="UTF-8"?>
<rss version="2.0" xmlns:atom="http://www.w3.org/2005/Atom">
  <channel>
    <title>DEEZER Native SDK Releases</title>
    <description>The sections below provide notes about successive releases of the Deezer Native SDK, as denoted by revision number.    </description>
    <lastBuildDate>Thu, 27 Jul 2017 18:44:14 +0200</lastBuildDate>
    <link>http://developers.deezer.com/sdk/native</link>
    <atom:link href="&lt;?=SETTING_STATIC?&gt;/developers/deezer-native-sdk-releasenotes.xml" rel="self" type="application/rss+xml"/>
    <language>fr</language>
    <item>
      <title>Release v1.2.10</title>
      <description>
This release includes the following bug fix:
&lt;li&gt;
Fix audio playback quality issue where some mp3 frames could be skipped.
&lt;/li&gt;
      </description>
      <pubDate>Thu, 27 Jul 2017 18:44:14 +0200</pubDate>
      <guid isPermaLink="false">_release_v1_2_10</guid>
    </item>
    <item>
      <title>Release 1.2.9</title>
      <description>
This release includes the following bug fix:
* Force minimal macosx sdk version to 10.8.
      </description>
      <pubDate>Thu, 21 Jun 2017 10:55:59 +0200</pubDate>
      <guid isPermaLink="false">_release_1_2_9</guid>
    </item>
    <item>
      <title>Release 1.2.8</title>
      <description>
This release includes the following bug fix:
&lt;li&gt;
Fix crash at the end of track on windows.
&lt;/li&gt;
&lt;li&gt;
Fix issue of track end event that was not sent on windows.
&lt;/li&gt;
      </description>
      <pubDate>Thu, 21 Jun 2017 10:55:59 +0200</pubDate>
      <guid isPermaLink="false">_release_1_2_8</guid>
    </item>
    <item>
      <title>Release 1.2.7</title>
      <description>
This release includes the following bug fix:
&lt;li&gt;
Audio volume change and mute was not working on windows.
&lt;/li&gt;
      </description>
      <pubDate>Thu, 21 Jun 2017 10:55:59 +0200</pubDate>
      <guid isPermaLink="false">_release_1_2_7</guid>
    </item>
    <item>
      <title>Release 1.2.6</title>
      <description>
This release includes the following bug fix:
&lt;li&gt;
Fix an issue when synchronizing tracks.
&lt;/li&gt;
      </description>
      <pubDate>Thu, 21 Jun 2017 10:55:59 +0200</pubDate>
      <guid isPermaLink="false">_release_1_2_6</guid>
    </item>
    <item>
      <title>Release 1.2.5</title>
      <description>
This release includes the following bug fixes:
&lt;li&gt;
Fix an issue when loading external contents.
&lt;/li&gt;
      </description>
      <pubDate>Thu, 30 May 2017 16:25:59 +0200</pubDate>
      <guid isPermaLink="false">_release_1_2_5</guid>
    </item>
    <item>
      <title>Release 1.2.4</title>
      <description>
This release includes the following bug fixes:
&lt;li&gt;
Fix an issue where DZ_CONNECT_EVENT_USER_LOGIN_OK was sent twice.
&lt;/li&gt;
      </description>
      <pubDate>Thu, 30 May 2017 16:25:59 +0200</pubDate>
      <guid isPermaLink="false">_release_1_2_4</guid>
    </item>
    <item>
      <title>Release 1.2.3</title>
      <description>
This release includes the following bug fixes:
&lt;li&gt;
Enable missing features.
&lt;/li&gt;
      </description>
      <pubDate>Thu, 19 May 2017 14:46:59 +0200</pubDate>
      <guid isPermaLink="false">_release_1_2_3</guid>
    </item>
    <item>
      <title>Release 1.2.2</title>
      <description>
This release includes the following bug fixes:
&lt;li&gt;
Check dependencies in sync manage caused a crash.
&lt;/li&gt;
&lt;li&gt;
Select the track quality in the player caused a crash.
&lt;/li&gt;
&lt;li&gt;
Get track info from server caused a crash.
&lt;/li&gt;
      </description>
      <pubDate>Thu, 18 May 2017 16:59:59 +0200</pubDate>
      <guid isPermaLink="false">_release_1_2_2</guid>
    </item>
    <item>
      <title>Release 1.2.1</title>
      <description>
This release includes the following bug fixes:
&lt;li&gt;
Fix a pulseaudio crash on Linux platform when stressing volume change.
&lt;/li&gt;
      </description>
      <pubDate>Thu, 21 Mar 2017 13:51:59 +0200</pubDate>
      <guid isPermaLink="false">_release_1_2_1</guid>
    </item>
    <item>
      <title>Release 1.2.0</title>
      <description>
This release includes the following bug fixes:
&lt;li&gt;
Track index was not saved as the new current index if set manually.
&lt;/li&gt;
&lt;li&gt;
Calling dz_player_renderer_get_state caused a crash on linux.
&lt;/li&gt;
&lt;li&gt;
Calling dz_player_set_output_volume with non supported values caused a crash on linux.
&lt;/li&gt;
&lt;li&gt;
Event sent if no callback set caused a crash.
&lt;/li&gt;
&lt;li&gt;
Player activation issue if the connect instance was not activated.
&lt;/li&gt;
&lt;li&gt;
Caching a content not recognized as a media url caused a memory leak.
&lt;/li&gt;
&lt;li&gt;
dz_api_request_processing_cancelme did not return error with invalid argument.
&lt;/li&gt;
&lt;li&gt;
Improve argument tests of dz_offline api.
&lt;/li&gt;
&lt;li&gt;
Merging DZ_ERROR_NO_ERROR_ASYNC with DZ_ERROR_NO_ERROR.
&lt;/li&gt;
      </description>
      <pubDate>Thu, 16 Mar 2017 16:28:59 +0200</pubDate>
      <guid isPermaLink="false">_release_1_2_0</guid>
    </item>
    <item>
      <title>Release v1.1.1</title>
      <description>
This release includes the following bug fixes:
&lt;li&gt;
Playback issues with non available contents.
&lt;/li&gt;
&lt;li&gt;
Not possible to resume normal playback after an ad.
&lt;/li&gt;
&lt;li&gt;
Crash issue when pulseaudio is not started on Linux platforms.
&lt;/li&gt;
      </description>
      <pubDate>Tue, 18 Oct 2016 15:04:59 +0200</pubDate>
      <guid isPermaLink="false">_release_v1_1_1</guid>
    </item>
    <item>
      <title>Release v1.1.0</title>
      <description>
This release adds the following features:
&lt;li&gt;
Playback of playlists and albums.
&lt;/li&gt;
&lt;li&gt;
Playback modes repeat and a shuffle for albums and playlists.
&lt;/li&gt;
      </description>
      <pubDate>Wed, 14 Sep 2016 12:04:05 +0200</pubDate>
      <guid isPermaLink="false">_release_v1_1_0</guid>
    </item>
    <item>
      <title>Release v1.0.4</title>
      <description>
This release includes the following bug fix:
&lt;li&gt;
Minor bug fix.
&lt;/li&gt;
      </description>
      <pubDate>Thu, 5 Jul 2016 16:03:05 +0200</pubDate>
      <guid isPermaLink="false">_release_v1_0_4</guid>
    </item>
    <item>
      <title>Release v1.0.3</title>
      <description>
This release includes the following bug fixes:
&lt;li&gt;
Minor bug fixes.
&lt;/li&gt;
      </description>
      <pubDate>Thu, 23 Jun 2016 18:41:01 +0200</pubDate>
      <guid isPermaLink="false">_release_v1_0_3</guid>
    </item>
    <item>
      <title>Release v1.0.2</title>
      <description>
This release includes the following bug fixe:
&lt;li&gt;
Cannot deactivate dz_connect instance. Sometimes the callback was not called after calling dz_connect_deactivate.
&lt;/li&gt;
      </description>
      <pubDate>Fri, 03 Jun 2016 14:51:29 +0200</pubDate>
      <guid isPermaLink="false">_release_v1_0_2</guid>
    </item>
    <item>
      <title>Release v1.0.1</title>
      <description>
This release adds the support of ARM platform for Linux.
      </description>
      <pubDate>Fri, 28 April 2016 20:32:00 +0200</pubDate>
      <guid isPermaLink="false">_release_v1_0_1</guid>
    </item>
    <item>
      <title>Release v1.0.0</title>
      <description>
This is the first public release of the Deezer Native SDK.
This release includes:
&lt;li&gt;
Network stack utility to consume Deezer APIs.
&lt;/li&gt;
&lt;li&gt;
Enhanced player to play songs and mixes.
&lt;/li&gt;
&lt;li&gt;
Offline mode and smart cache to store albums and playlists locally.
&lt;/li&gt;
      </description>
      <pubDate>Wed, 30 March 2016 18:42:00 +0200</pubDate>
      <guid isPermaLink="false">_release_v1_0_0</guid>
    </item>
  </channel>
</rss>
